Bajaj Finance Ltd.,NBFC,8.4%,8.65%,Deposit Now
SBI Bank,Bank,7.10%,7.60%,View details
ICICI Bank,Bank,7.25%,7.80%,View details
Axis Bank,Bank,7.25%,7.75%,View details
HDFC Bank,Bank,7.40%,7.90%,View details
Bank of Baroda,Bank,7.15%,7.65%,View details
IDFC Bank,Bank,7.75%,8.25%,View details
Kotak Mahindra Bank,Bank,7.40%,7.90%,View details
Canara Bank,Bank,7.25%,7.75%,View details
Yes Bank,Bank,7.75%,8.25%,View details
IndusInd Bank,Bank,7.75%,8.25%,View details
Punjab National Bank,Bank,7.25%,7.75%,View details
IDBI Bank,Bank,7.00%,7.50%,View details
Union Bank,Bank,7.30%,7.80%,View details
Citibank,Bank,7.20%,7.85%,View details
RBL Bank,Bank,8.10%,8.60%,View details
Indian Bank,Bank,7.25%,7.75%,View details
